[
  { "state":"Alabama", "num":"0.1791" },
  { "state":"Arkansas", "num":"0.3705" },
  { "state":"Arizona", "num":"0.3847" },
  { "state":"California", "num":"0.7979" },
  { "state":"Colorado", "num":"0.0325" },
  { "state":"Connecticut", "num":"0.3209" },
  { "state":"Delaware", "num":"0.4345" },
  { "state":"Florida", "num":"0.6304" },
  { "state":"Georgia", "num":"0.3891" },
  { "state":"Iowa", "num":"0.5297" },
  { "state":"Idaho", "num":"0.4285" },
  { "state":"Illinois", "num":"0.5297" },
  { "state":"Indiana", "num":"0.4220" },
  { "state":"Kansas", "num":"0.0124" },
  { "state":"Kentucky", "num":"0.9403" },
  { "state":"Louisiana", "num":"0.9904" },
  { "state":"Maine", "num":"0.3877" },
  { "state":"Maryland", "num":"0.2457" },
  { "state":"Massachusetts", "num":"0.1458" },
  { "state":"Michigan", "num":"0.1058" },
  { "state":"Minnesota", "num":"0.2359" },
  { "state":"Missouri", "num":"0.0212" },
  { "state":"Mississippi", "num":"0.1306" },
  { "state":"Montana", "num":"0.8145" },
  { "state":"North Carolina", "num":"0.3554" },
  { "state":"North Dakota", "num":"0.0278" },
  { "state":"Nebraska", "num":"0.1619" },
  { "state":"New Hampshire", "num":"0.0204" },
  { "state":"New Jersey", "num":"0.2831" },
  { "state":"New Mexico", "num":"0.8925" },
  { "state":"Nevada", "num":"0.9640" },
  { "state":"New York", "num":"0.1327" },
  { "state":"Ohio", "num":"0.2075" },
  { "state":"Oklahoma", "num":"0.7693" },
  { "state":"Oregon", "num":"0.3154" },
  { "state":"Pennsylvania", "num":"0.0601" },
  { "state":"Rhode Island", "num":"0.4192" },
  { "state":"South Carolina", "num":"0.1247" },
  { "state":"South Dakota", "num":"0.0760" },
  { "state":"Tennessee", "num":"0.7648" },
  { "state":"Texas", "num":"0.8873" },
  { "state":"Utah", "num":"0.9638" },
  { "state":"Virginia", "num":"0.9660" },
  { "state":"Vermont", "num":"0.0762" },
  { "state":"Washington", "num":"0.1457" },
  { "state":"Wisconsin", "num":"0.1130" },
  { "state":"West Virginia", "num":"0.5777" },
  { "state":"Wyoming", "num":"0.5712" }]